,name,album,release_date,track_number,acousticness,danceability,energy,instrumentalness,liveness,loudness,speechiness,tempo,valence,popularity,duration_ms
0,Welcome To New York (Taylor's Version),1989 (Taylor's Version) [Deluxe],2023-10-27,1,0.00942,0.757,0.61,3.66e-05,0.367,-4.84,0.0327,116.998,0.685,66,212600
1,Blank Space (Taylor's Version),1989 (Taylor's Version) [Deluxe],2023-10-27,2,0.0885,0.733,0.733,0.0,0.168,-5.376,0.067,96.057,0.701,67,231833
2,Style (Taylor's Version),1989 (Taylor's Version) [Deluxe],2023-10-27,3,0.000421,0.511,0.822,0.0197,0.0899,-4.785,0.0397,94.868,0.305,68,231000
3,Out Of The Woods (Taylor's Version),1989 (Taylor's Version) [Deluxe],2023-10-27,4,0.000537,0.545,0.885,5.59e-05,0.385,-5.968,0.0447,92.021,0.206,67,235800
4,All You Had To Do Was Stay (Taylor's Version),1989 (Taylor's Version) [Deluxe],2023-10-27,5,0.000656,0.588,0.721,0.0,0.131,-5.579,0.0317,96.997,0.52,65,193289
5,Shake It Off (Taylor's Version),1989 (Taylor's Version) [Deluxe],2023-10-27,6,0.0121,0.636,0.808,2.18e-05,0.359,-5.693,0.0729,160.058,0.917,65,219209
6,I Wish You Would (Taylor's Version),1989 (Taylor's Version) [Deluxe],2023-10-27,7,0.00354,0.67,0.858,1.25e-05,0.0687,-6.528,0.0439,118.009,0.539,65,207650
7,Bad Blood (Taylor's Version),1989 (Taylor's Version) [Deluxe],2023-10-27,8,0.0362,0.618,0.683,0.0,0.305,-6.438,0.194,169.971,0.363,64,211103
8,Wildest Dreams (Taylor's Version),1989 (Taylor's Version) [Deluxe],2023-10-27,9,0.0436,0.589,0.674,7.18e-05,0.112,-7.48,0.0656,139.985,0.514,65,220433
9,How You Get The Girl (Taylor's Version),1989 (Taylor's Version) [Deluxe],2023-10-27,10,0.00196,0.758,0.691,1.09e-05,0.0939,-5.798,0.0515,119.997,0.538,64,247533
10,This Love (Taylor’s Version),1989 (Taylor's Version) [Deluxe],2023-10-27,11,0.316,0.471,0.509,0.0,0.0673,-8.796,0.0355,144.071,0.0567,63,250100
11,I Know Places (Taylor's Version),1989 (Taylor's Version) [Deluxe],2023-10-27,12,0.0999,0.582,0.788,0.0,0.115,-5.358,0.0445,160.027,0.652,65,195700
12,Clean (Taylor's Version),1989 (Taylor's Version) [Deluxe],2023-10-27,13,0.25,0.772,0.391,2.92e-05,0.0981,-8.892,0.0293,103.955,0.258,65,271000
13,Wonderland (Taylor's Version),1989 (Taylor's Version) [Deluxe],2023-10-27,14,0.00976,0.464,0.705,2.61e-05,0.209,-5.97,0.0434,183.892,0.385,64,245566
14,You Are In Love (Taylor's Version),1989 (Taylor's Version) [Deluxe],2023-10-27,15,0.61,0.363,0.498,3.91e-06,0.112,-9.473,0.0755,84.68,0.477,65,267389
15,New Romantics (Taylor's Version),1989 (Taylor's Version) [Deluxe],2023-10-27,16,0.00675,0.649,0.846,4.63e-06,0.0824,-5.958,0.0602,121.978,0.698,65,230177
16,"""Slut!"" (Taylor's Version) (From The Vault)",1989 (Taylor's Version) [Deluxe],2023-10-27,17,0.309,0.591,0.412,0.000199,0.0608,-13.27,0.0863,155.875,0.328,69,180381
17,Say Don't Go (Taylor's Version) (From The Vault),1989 (Taylor's Version) [Deluxe],2023-10-27,18,0.066,0.633,0.551,9.94e-06,0.127,-8.297,0.0341,109.95,0.164,67,279833
18,Now That We Don't Talk (Taylor's Version) (From The Vault),1989 (Taylor's Version) [Deluxe],2023-10-27,19,0.16,0.8,0.501,7.14e-05,0.0874,-9.332,0.034,110.013,0.0831,69,146436
19,Suburban Legends (Taylor's Version) (From The Vault),1989 (Taylor's Version) [Deluxe],2023-10-27,20,0.207,0.701,0.625,0.0,0.105,-8.804,0.036,118.036,0.323,65,171818
20,Is It Over Now? (Taylor's Version) (From The Vault),1989 (Taylor's Version) [Deluxe],2023-10-27,21,0.041,0.595,0.656,0.0,0.122,-7.343,0.037,99.994,0.191,71,229477
21,Bad Blood (feat. Kendrick Lamar) (Taylor's Version),1989 (Taylor's Version) [Deluxe],2023-10-27,22,0.0104,0.602,0.648,0.0,0.217,-6.905,0.103,170.091,0.174,74,199773
22,Welcome To New York (Taylor's Version),1989 (Taylor's Version),2023-10-26,1,0.00961,0.761,0.607,2.24e-05,0.367,-4.83,0.0312,116.98,0.674,77,212600
23,Blank Space (Taylor's Version),1989 (Taylor's Version),2023-10-26,2,0.0976,0.737,0.725,0.0,0.174,-5.417,0.0641,96.012,0.755,81,231833
24,Style (Taylor's Version),1989 (Taylor's Version),2023-10-26,3,0.000418,0.575,0.824,0.0214,0.0901,-4.823,0.038,94.971,0.292,83,231000
25,Out Of The Woods (Taylor's Version),1989 (Taylor's Version),2023-10-26,4,0.000512,0.547,0.885,9.37e-05,0.39,-5.961,0.0418,91.992,0.192,78,235800
26,All You Had To Do Was Stay (Taylor's Version),1989 (Taylor's Version),2023-10-26,5,0.000718,0.586,0.72,0.0,0.0949,-5.556,0.035,97.057,0.481,75,193289
27,Shake It Off (Taylor's Version),1989 (Taylor's Version),2023-10-26,6,0.0103,0.632,0.807,1.27e-05,0.29,-5.676,0.0738,160.055,0.921,78,219209
28,I Wish You Would (Taylor's Version),1989 (Taylor's Version),2023-10-26,7,0.00357,0.669,0.851,1.04e-05,0.0676,-6.526,0.0432,118.026,0.541,75,207650
29,Bad Blood (Taylor's Version),1989 (Taylor's Version),2023-10-26,8,0.0385,0.619,0.686,0.0,0.307,-6.369,0.164,169.943,0.364,75,211103
30,Wildest Dreams (Taylor's Version),1989 (Taylor's Version),2023-10-26,9,0.0411,0.581,0.672,9.35e-05,0.118,-7.415,0.0739,140.061,0.514,80,220433
31,How You Get The Girl (Taylor's Version),1989 (Taylor's Version),2023-10-26,10,0.00209,0.754,0.682,9.88e-06,0.0941,-5.789,0.0565,120.027,0.547,72,247533
32,This Love (Taylor’s Version),1989 (Taylor's Version),2023-10-26,11,0.299,0.474,0.511,0.0,0.0673,-8.766,0.0339,144.022,0.0586,73,250100
33,I Know Places (Taylor's Version),1989 (Taylor's Version),2023-10-26,12,0.087,0.575,0.803,0.0,0.0971,-5.393,0.0465,160.039,0.68,72,195700
34,Clean (Taylor's Version),1989 (Taylor's Version),2023-10-26,13,0.276,0.771,0.386,2.01e-05,0.121,-8.917,0.0297,103.96,0.239,76,271000
35,Wonderland (Taylor's Version),1989 (Taylor's Version),2023-10-26,14,0.00933,0.462,0.708,1.88e-05,0.198,-5.971,0.0555,183.811,0.337,72,245566
36,You Are In Love (Taylor's Version),1989 (Taylor's Version),2023-10-26,15,0.609,0.537,0.495,2.49e-06,0.112,-9.416,0.0573,84.948,0.492,73,267389
37,New Romantics (Taylor's Version),1989 (Taylor's Version),2023-10-26,16,0.0068,0.651,0.855,9.81e-06,0.0759,-5.959,0.0538,121.98,0.698,78,230177
38,"""Slut!"" (Taylor's Version) (From The Vault)",1989 (Taylor's Version),2023-10-26,17,0.345,0.629,0.413,7.62e-05,0.0603,-13.178,0.055,77.983,0.306,84,180381
39,Say Don't Go (Taylor's Version) (From The Vault),1989 (Taylor's Version),2023-10-26,18,0.0656,0.626,0.547,1.67e-05,0.149,-8.285,0.0342,109.946,0.192,79,279833
40,Now That We Don't Talk (Taylor's Version) (From The Vault),1989 (Taylor's Version),2023-10-26,19,0.186,0.793,0.512,3.81e-05,0.0889,-9.319,0.0338,109.994,0.0662,83,146436
41,Suburban Legends (Taylor's Version) (From The Vault),1989 (Taylor's Version),2023-10-26,20,0.198,0.699,0.621,0.0,0.104,-8.739,0.0369,118.048,0.344,74,171818
42,Is It Over Now? (Taylor's Version) (From The Vault),1989 (Taylor's Version),2023-10-26,21,0.0504,0.596,0.658,0.0,0.127,-7.346,0.036,100.012,0.176,88,229477
43,Mine (Taylor's Version),Speak Now (Taylor's Version),2023-07-07,1,0.00444,0.646,0.783,1.38e-06,0.171,-2.846,0.0356,121.08,0.49,78,231706
44,Sparks Fly (Taylor’s Version),Speak Now (Taylor's Version),2023-07-07,2,0.0251,0.588,0.758,0.0,0.131,-2.347,0.0305,114.991,0.387,75,261230
45,Back To December (Taylor's Version),Speak Now (Taylor's Version),2023-07-07,3,0.00621,0.497,0.635,0.0,0.117,-3.927,0.0273,142.063,0.203,79,294189
46,Speak Now (Taylor's Version),Speak Now (Taylor's Version),2023-07-07,4,0.248,0.727,0.677,0.0,0.143,-2.871,0.0325,118.995,0.639,73,242473
47,Dear John (Taylor's Version),Speak Now (Taylor's Version),2023-07-07,5,0.0236,0.419,0.47,0.0,0.163,-5.016,0.0296,119.294,0.133,74,405906
48,Mean (Taylor's Version),Speak Now (Taylor's Version),2023-07-07,6,0.311,0.524,0.692,0.0,0.192,-3.866,0.0369,163.874,0.621,74,238693
49,The Story Of Us (Taylor's Version),Speak Now (Taylor's Version),2023-07-07,7,0.00192,0.515,0.781,0.0,0.054,-2.608,0.0535,139.846,0.57,73,267653
50,Never Grow Up (Taylor's Version),Speak Now (Taylor's Version),2023-07-07,8,0.851,0.685,0.323,0.0,0.198,-7.103,0.0289,125.058,0.569,68,292920
51,Enchanted (Taylor's Version),Speak Now (Taylor's Version),2023-07-07,9,0.012,0.505,0.532,0.0,0.149,-3.526,0.0265,81.907,0.216,83,353253
52,Better Than Revenge (Taylor's Version),Speak Now (Taylor's Version),2023-07-07,10,0.000886,0.496,0.885,0.0,0.191,-2.969,0.0803,145.863,0.665,75,220306
53,Innocent (Taylor's Version),Speak Now (Taylor's Version),2023-07-07,11,0.101,0.522,0.598,0.0,0.152,-5.327,0.0284,133.627,0.149,67,301221
54,Haunted (Taylor's Version),Speak Now (Taylor's Version),2023-07-07,12,0.00667,0.427,0.915,0.0,0.221,-1.909,0.0619,162.201,0.355,72,245413
55,Last Kiss (Taylor's Version),Speak Now (Taylor's Version),2023-07-07,13,0.447,0.55,0.366,4.43e-06,0.101,-8.46,0.0276,79.401,0.16,72,369120
56,Long Live (Taylor's Version),Speak Now (Taylor's Version),2023-07-07,14,0.0122,0.375,0.65,0.0,0.189,-4.031,0.0402,203.89,0.0752,78,317960
57,Ours (Taylor’s Version),Speak Now (Taylor's Version),2023-07-07,15,0.449,0.535,0.488,0.0,0.111,-8.261,0.0278,159.813,0.348,69,235803
58,Superman (Taylor’s Version),Speak Now (Taylor's Version),2023-07-07,16,0.0031,0.533,0.742,0.0,0.108,-3.473,0.0303,131.93,0.356,66,274945
59,Electric Touch (feat. Fall Out Boy) (Taylor’s Version) (From The Vault),Speak Now (Taylor's Version),2023-07-07,17,0.0164,0.547,0.855,0.0,0.144,-4.7,0.0597,131.073,0.282,72,266466
60,When Emma Falls in Love (Taylor’s Version) (From The Vault),Speak Now (Taylor's Version),2023-07-07,18,0.159,0.474,0.763,0.0,0.138,-4.632,0.0505,78.133,0.231,70,252385
61,I Can See You (Taylor’s Version) (From The Vault),Speak Now (Taylor's Version),2023-07-07,19,0.0586,0.694,0.764,0.0,0.0608,-4.893,0.0337,123.044,0.819,78,273186
62,Castles Crumbling (feat. Hayley Williams) (Taylor’s Version) (From The Vault),Speak Now (Taylor's Version),2023-07-07,20,0.362,0.576,0.57,0.0,0.0668,-7.925,0.0434,147.803,0.378,71,306062
63,Foolish One (Taylor’s Version) (From The Vault),Speak Now (Taylor's Version),2023-07-07,21,0.617,0.671,0.588,0.0,0.111,-4.675,0.0299,96.965,0.543,73,311765
64,Timeless (Taylor’s Version) (From The Vault),Speak Now (Taylor's Version),2023-07-07,22,0.3,0.624,0.585,0.0,0.0916,-5.847,0.0328,142.883,0.65,72,321396
65,Lavender Haze,Midnights (The Til Dawn Edition),2023-05-26,1,0.236,0.735,0.454,0.00113,0.133,-10.516,0.0876,97.043,0.0751,67,202395
66,Maroon,Midnights (The Til Dawn Edition),2023-05-26,2,0.0609,0.65,0.397,1.4e-06,0.089,-8.237,0.0365,108.055,0.0382,67,218270
67,Anti-Hero,Midnights (The Til Dawn Edition),2023-05-26,3,0.115,0.637,0.649,1.22e-06,0.147,-6.59,0.0584,96.935,0.497,66,200690
68,Snow On The Beach (feat. Lana Del Rey),Midnights (The Til Dawn Edition),2023-05-26,4,0.705,0.653,0.331,0.0013,0.116,-13.534,0.039,110.014,0.166,64,256124
69,"You're On Your Own, Kid",Midnights (The Til Dawn Edition),2023-05-26,5,0.423,0.694,0.386,1.05e-05,0.126,-10.312,0.0597,120.044,0.39,67,194206
70,Midnight Rain,Midnights (The Til Dawn Edition),2023-05-26,6,0.705,0.654,0.372,6.78e-05,0.114,-11.704,0.0667,140.15,0.198,67,174782
71,Question...?,Midnights (The Til Dawn Edition),2023-05-26,7,0.205,0.741,0.509,0.0,0.262,-8.747,0.19,108.978,0.113,64,210556
72,Vigilante Shit,Midnights (The Til Dawn Edition),2023-05-26,8,0.157,0.867,0.272,3.42e-05,0.118,-11.014,0.363,79.962,0.157,66,164801
73,Bejeweled,Midnights (The Til Dawn Edition),2023-05-26,9,0.0648,0.695,0.546,0.000128,0.0883,-9.184,0.066,164.0,0.425,66,194165
74,Labyrinth,Midnights (The Til Dawn Edition),2023-05-26,10,0.804,0.493,0.308,0.328,0.123,-15.489,0.0436,109.993,0.13,65,247962
75,Karma,Midnights (The Til Dawn Edition),2023-05-26,11,0.0782,0.647,0.614,0.0,0.611,-7.091,0.0651,90.034,0.0956,66,204852
76,Sweet Nothing,Midnights (The Til Dawn Edition),2023-05-26,12,0.967,0.335,0.166,0.00012,0.115,-14.958,0.048,175.917,0.391,64,188496
77,Mastermind,Midnights (The Til Dawn Edition),2023-05-26,13,0.545,0.661,0.345,0.000915,0.0871,-14.037,0.144,125.977,0.126,65,191039
78,The Great War,Midnights (The Til Dawn Edition),2023-05-26,14,0.203,0.573,0.737,2.78e-05,0.0851,-9.002,0.0352,96.009,0.592,65,240355
79,Bigger Than The Whole Sky,Midnights (The Til Dawn Edition),2023-05-26,15,0.837,0.48,0.22,0.00269,0.116,-12.469,0.0425,82.951,0.0633,64,218502
80,Paris,Midnights (The Til Dawn Edition),2023-05-26,16,0.116,0.691,0.498,3.07e-05,0.136,-10.519,0.101,110.963,0.454,63,196258
81,High Infidelity,Midnights (The Til Dawn Edition),2023-05-26,17,0.726,0.564,0.545,0.0,0.0878,-10.17,0.104,176.082,0.766,63,231475
82,Glitch,Midnights (The Til Dawn Edition),2023-05-26,18,0.318,0.677,0.451,0.0,0.11,-9.744,0.19,140.845,0.399,62,148781
83,"Would've, Could've, Should've",Midnights (The Til Dawn Edition),2023-05-26,19,0.435,0.482,0.837,0.00147,0.123,-6.501,0.12,157.96,0.534,65,260361
84,Dear Reader,Midnights (The Til Dawn Edition),2023-05-26,20,0.497,0.475,0.386,0.00104,0.119,-12.038,0.0737,107.601,0.162,63,225194
85,Hits Different,Midnights (The Til Dawn Edition),2023-05-26,21,0.148,0.672,0.782,4.73e-06,0.296,-6.499,0.0421,106.026,0.239,77,234466
86,Snow On The Beach (feat. More Lana Del Rey),Midnights (The Til Dawn Edition),2023-05-26,22,0.806,0.664,0.401,3.5e-06,0.108,-10.934,0.0344,109.846,0.315,78,229942
87,Karma (feat. Ice Spice),Midnights (The Til Dawn Edition),2023-05-26,23,0.0623,0.615,0.616,0.0,0.579,-6.523,0.0622,89.977,0.0734,69,201493
88,Lavender Haze,Midnights (3am Edition),2022-10-22,1,0.204,0.735,0.444,0.0012,0.17,-10.519,0.0684,97.038,0.0984,65,202395
89,Maroon,Midnights (3am Edition),2022-10-22,2,0.0593,0.658,0.378,0.0,0.0976,-8.3,0.0379,108.034,0.0382,65,218270
90,Anti-Hero,Midnights (3am Edition),2022-10-22,3,0.133,0.638,0.634,1.23e-06,0.152,-6.582,0.0457,96.953,0.519,66,200690
91,Snow On The Beach (feat. Lana Del Rey),Midnights (3am Edition),2022-10-22,4,0.735,0.659,0.323,0.00321,0.116,-13.425,0.0436,110.007,0.154,65,256124
92,"You're On Your Own, Kid",Midnights (3am Edition),2022-10-22,5,0.416,0.694,0.38,8.47e-06,0.126,-10.307,0.0614,120.044,0.376,66,194206
93,Midnight Rain,Midnights (3am Edition),2022-10-22,6,0.71,0.636,0.377,6.51e-05,0.115,-11.721,0.0708,139.966,0.23,65,174782
94,Question...?,Midnights (3am Edition),2022-10-22,7,0.226,0.751,0.502,0.0,0.297,-8.777,0.162,108.989,0.112,62,210556
95,Vigilante Shit,Midnights (3am Edition),2022-10-22,8,0.16,0.87,0.279,1.74e-05,0.121,-11.134,0.364,79.996,0.16,65,164801
96,Bejeweled,Midnights (3am Edition),2022-10-22,9,0.0661,0.7,0.55,0.000102,0.091,-9.13,0.0653,164.003,0.412,66,194165
97,Labyrinth,Midnights (3am Edition),2022-10-22,10,0.791,0.487,0.313,0.348,0.124,-15.434,0.0487,110.039,0.141,62,247962
98,Karma,Midnights (3am Edition),2022-10-22,11,0.074,0.649,0.622,0.0,0.594,-7.054,0.0582,90.024,0.106,71,204852
99,Sweet Nothing,Midnights (3am Edition),2022-10-22,12,0.967,0.334,0.161,4.71e-05,0.115,-14.875,0.0506,176.747,0.396,63,188496
100,Mastermind,Midnights (3am Edition),2022-10-22,13,0.571,0.661,0.352,0.00147,0.0884,-14.077,0.117,125.934,0.13,70,191039
101,The Great War,Midnights (3am Edition),2022-10-22,14,0.219,0.573,0.741,2.23e-05,0.0842,-8.987,0.0353,96.016,0.554,72,240355
102,Bigger Than The Whole Sky,Midnights (3am Edition),2022-10-22,15,0.826,0.422,0.235,0.00648,0.115,-12.379,0.0568,165.71,0.068,70,218502
103,Paris,Midnights (3am Edition),2022-10-22,16,0.112,0.7,0.509,3.27e-05,0.137,-10.547,0.0789,110.947,0.345,68,196258
104,High Infidelity,Midnights (3am Edition),2022-10-22,17,0.723,0.646,0.529,0.0,0.0885,-10.179,0.0864,87.862,0.755,68,231475
105,Glitch,Midnights (3am Edition),2022-10-22,18,0.361,0.675,0.466,0.0,0.11,-9.738,0.201,140.864,0.347,66,148781
106,"Would've, Could've, Should've",Midnights (3am Edition),2022-10-22,19,0.43,0.483,0.84,0.000575,0.146,-6.508,0.119,157.979,0.55,71,260361
107,Dear Reader,Midnights (3am Edition),2022-10-22,20,0.481,0.562,0.388,0.00145,0.117,-12.088,0.0705,107.747,0.159,68,225194
108,Lavender Haze,Midnights,2022-10-21,1,0.258,0.733,0.436,0.000573,0.157,-10.489,0.08,96.985,0.0976,80,202395
109,Maroon,Midnights,2022-10-21,2,0.0573,0.637,0.398,1.03e-06,0.101,-8.294,0.0564,108.075,0.0374,76,218270
110,Anti-Hero,Midnights,2022-10-21,3,0.13,0.637,0.643,1.8e-06,0.142,-6.571,0.0519,97.008,0.533,89,200690
111,Snow On The Beach (feat. Lana Del Rey),Midnights,2022-10-21,4,0.69,0.663,0.319,0.000993,0.117,-13.481,0.0375,109.957,0.193,73,256124
112,"You're On Your Own, Kid",Midnights,2022-10-21,5,0.401,0.696,0.396,5.2e-06,0.125,-10.289,0.0656,120.041,0.38,82,194206
113,Midnight Rain,Midnights,2022-10-21,6,0.69,0.643,0.363,5.17e-05,0.115,-11.738,0.0767,139.865,0.23,81,174782
114,Question...?,Midnights,2022-10-21,7,0.2,0.751,0.502,0.0,0.296,-8.763,0.167,108.943,0.106,71,210556
115,Vigilante Shit,Midnights,2022-10-21,8,0.173,0.798,0.277,5.25e-05,0.121,-11.096,0.39,79.846,0.163,77,164801
116,Bejeweled,Midnights,2022-10-21,9,0.0618,0.696,0.559,5.58e-05,0.0887,-9.19,0.0693,163.999,0.433,81,194165
117,Labyrinth,Midnights,2022-10-21,10,0.785,0.406,0.306,0.488,0.122,-15.48,0.0517,110.014,0.122,73,247962
118,Karma,Midnights,2022-10-21,11,0.0734,0.642,0.62,0.0,0.483,-7.091,0.0666,90.02,0.0969,85,204852
119,Sweet Nothing,Midnights,2022-10-21,12,0.964,0.337,0.156,7.72e-05,0.115,-14.919,0.0518,176.655,0.39,73,188496
120,Mastermind,Midnights,2022-10-21,13,0.553,0.662,0.357,0.00129,0.0837,-14.064,0.154,125.966,0.124,74,191039
121,State Of Grace (Taylor's Version),Red (Taylor's Version),2021-11-12,1,0.000328,0.594,0.713,0.0,0.114,-5.314,0.0503,129.958,0.328,68,295413
122,Red (Taylor's Version),Red (Taylor's Version),2021-11-12,2,0.00108,0.516,0.777,1.62e-06,0.0761,-4.908,0.0375,125.047,0.408,77,223093
123,Treacherous (Taylor's Version),Red (Taylor's Version),2021-11-12,3,0.0344,0.645,0.593,0.000127,0.13,-6.506,0.0288,109.984,0.299,68,242720
124,I Knew You Were Trouble (Taylor's Version),Red (Taylor's Version),2021-11-12,4,0.0129,0.584,0.557,0.0,0.0576,-6.371,0.0342,154.008,0.767,78,219760
125,All Too Well (Taylor's Version),Red (Taylor's Version),2021-11-12,5,0.0171,0.44,0.528,0.00203,0.234,-7.809,0.0317,185.972,0.132,74,329160
126,22 (Taylor's Version),Red (Taylor's Version),2021-11-12,6,0.000443,0.642,0.695,1.02e-05,0.0753,-5.62,0.0281,103.984,0.642,78,230960
127,I Almost Do (Taylor's Version),Red (Taylor's Version),2021-11-12,7,0.0167,0.511,0.559,0.0,0.113,-6.587,0.0264,145.88,0.248,67,244586
128,We Are Never Ever Getting Back Together (Taylor's Version),Red (Taylor's Version),2021-11-12,8,0.0317,0.567,0.686,1.86e-06,0.0732,-6.139,0.175,172.014,0.716,78,193146
129,Stay Stay Stay (Taylor's Version),Red (Taylor's Version),2021-11-12,9,0.0848,0.693,0.681,0.0,0.0768,-7.039,0.025,100.02,0.663,67,205786
130,The Last Time (feat. Gary Lightbody of Snow Patrol) (Taylor’s Version),Red (Taylor's Version),2021-11-12,10,0.0399,0.502,0.534,0.0,0.0977,-5.954,0.0278,94.05,0.155,70,299080
131,Holy Ground (Taylor's Version),Red (Taylor's Version),2021-11-12,11,0.0288,0.622,0.809,0.00218,0.109,-5.623,0.0638,156.894,0.511,67,202960
132,Sad Beautiful Tragic (Taylor's Version),Red (Taylor's Version),2021-11-12,12,0.622,0.601,0.406,9.19e-05,0.133,-11.827,0.0275,130.059,0.232,68,284773
133,The Lucky One (Taylor's Version),Red (Taylor's Version),2021-11-12,13,0.066,0.686,0.571,0.0,0.0608,-7.138,0.05,117.889,0.538,66,240466
134,Everything Has Changed (feat. Ed Sheeran) (Taylor’s Version),Red (Taylor's Version),2021-11-12,14,0.271,0.498,0.61,0.0,0.223,-5.098,0.0363,79.918,0.474,73,245426
135,Starlight (Taylor's Version),Red (Taylor's Version),2021-11-12,15,0.00324,0.628,0.685,0.0,0.18,-5.864,0.0358,126.014,0.605,66,220413
136,Begin Again (Taylor's Version),Red (Taylor's Version),2021-11-12,16,0.075,0.519,0.527,0.0,0.132,-7.673,0.0274,78.915,0.267,69,238866
137,The Moment I Knew (Taylor's Version),Red (Taylor's Version),2021-11-12,17,0.0494,0.636,0.402,0.0,0.107,-7.855,0.031,125.952,0.208,66,285280
138,Come Back...Be Here (Taylor's Version),Red (Taylor's Version),2021-11-12,18,0.0158,0.46,0.632,0.0,0.0822,-6.031,0.0302,79.846,0.399,70,223333
139,Girl At Home (Taylor's Version),Red (Taylor's Version),2021-11-12,19,0.00955,0.691,0.736,1.88e-05,0.101,-6.974,0.0326,125.089,0.612,65,220520
140,State Of Grace (Acoustic Version) (Taylor's Version),Red (Taylor's Version),2021-11-12,20,0.663,0.445,0.131,1.57e-06,0.108,-13.778,0.0564,208.918,0.101,64,321640
141,Ronan (Taylor's Version),Red (Taylor's Version),2021-11-12,21,0.661,0.623,0.279,0.0,0.193,-10.802,0.031,116.04,0.38,62,264253
142,Better Man (Taylor's Version) (From The Vault),Red (Taylor's Version),2021-11-12,22,0.214,0.473,0.579,0.0,0.0877,-5.824,0.0384,73.942,0.255,70,297013
143,Nothing New (feat. Phoebe Bridgers) (Taylor’s Version) (From The Vault),Red (Taylor's Version),2021-11-12,23,0.817,0.606,0.377,0.0,0.154,-9.455,0.0275,101.96,0.446,74,258812
144,Babe (Taylor’s Version) (From The Vault),Red (Taylor's Version),2021-11-12,24,0.0538,0.584,0.743,2.83e-06,0.121,-7.075,0.0931,167.844,0.746,70,224240
145,Message In A Bottle (Taylor's Version) (From The Vault),Red (Taylor's Version),2021-11-12,25,0.00188,0.622,0.791,3.72e-06,0.083,-6.106,0.0535,115.915,0.494,71,225960
146,I Bet You Think About Me (feat. Chris Stapleton) (Taylor’s Version) (From The Vault),Red (Taylor's Version),2021-11-12,26,0.167,0.391,0.715,0.0,0.183,-4.516,0.0495,149.654,0.473,73,285106
147,Forever Winter (Taylor's Version) (From The Vault),Red (Taylor's Version),2021-11-12,27,0.256,0.611,0.552,0.0,0.134,-5.828,0.031,116.012,0.41,66,263533
148,Run (feat. Ed Sheeran) (Taylor’s Version) (From The Vault),Red (Taylor's Version),2021-11-12,28,0.817,0.61,0.488,0.0,0.312,-6.918,0.0293,125.039,0.443,68,240226
149,The Very First Night (Taylor's Version) (From The Vault),Red (Taylor's Version),2021-11-12,29,0.00115,0.678,0.733,0.0,0.104,-5.025,0.0281,121.009,0.581,73,200280
150,All Too Well (10 Minute Version) (Taylor's Version) (From The Vault),Red (Taylor's Version),2021-11-12,30,0.274,0.631,0.518,0.0,0.088,-8.771,0.0303,93.023,0.205,84,613026
151,Fearless (Taylor’s Version),Fearless (Taylor's Version),2021-04-09,1,0.0122,0.569,0.741,0.0,0.333,-4.963,0.0282,100.118,0.43,81,241591
152,Fifteen (Taylor’s Version),Fearless (Taylor's Version),2021-04-09,2,0.116,0.559,0.646,0.0,0.32,-4.61,0.0272,95.466,0.289,70,294419
153,Love Story (Taylor’s Version),Fearless (Taylor's Version),2021-04-09,3,0.13,0.627,0.792,3.97e-06,0.0845,-4.311,0.031,119.054,0.415,80,235766
154,Hey Stephen (Taylor’s Version),Fearless (Taylor's Version),2021-04-09,4,0.106,0.788,0.571,0.0,0.0934,-6.135,0.0296,115.99,0.797,68,254254
155,White Horse (Taylor’s Version),Fearless (Taylor's Version),2021-04-09,5,0.369,0.423,0.517,0.0,0.177,-7.377,0.0486,185.262,0.366,71,234515
156,You Belong With Me (Taylor’s Version),Fearless (Taylor's Version),2021-04-09,6,0.0623,0.632,0.773,0.0,0.0885,-4.856,0.0346,130.033,0.474,84,231124
157,Breathe (feat. Colbie Caillat) (Taylor’s Version),Fearless (Taylor's Version),2021-04-09,7,0.156,0.506,0.626,0.0,0.228,-6.066,0.0287,148.035,0.321,66,263377
158,Tell Me Why (Taylor’s Version),Fearless (Taylor's Version),2021-04-09,8,0.0222,0.578,0.909,0.0,0.333,-3.669,0.0628,100.023,0.541,65,200575
159,You’re Not Sorry (Taylor’s Version),Fearless (Taylor's Version),2021-04-09,9,0.0538,0.506,0.444,0.0,0.123,-4.99,0.0285,133.873,0.241,67,261842
160,The Way I Loved You (Taylor’s Version),Fearless (Taylor's Version),2021-04-09,10,0.0033,0.402,0.732,0.0,0.108,-4.665,0.0484,161.032,0.472,79,243136
161,Forever & Always (Taylor’s Version),Fearless (Taylor's Version),2021-04-09,11,0.0231,0.598,0.821,0.0,0.143,-4.433,0.0447,128.03,0.673,70,225328
162,The Best Day (Taylor’s Version),Fearless (Taylor's Version),2021-04-09,12,0.488,0.642,0.576,0.0,0.159,-8.524,0.0282,125.0,0.469,64,245290
163,Change (Taylor’s Version),Fearless (Taylor's Version),2021-04-09,13,0.000191,0.499,0.815,0.0,0.181,-4.063,0.0341,95.999,0.344,63,279359
164,Jump Then Fall (Taylor’s Version),Fearless (Taylor's Version),2021-04-09,14,0.0474,0.572,0.69,0.0,0.0897,-6.201,0.0358,160.111,0.624,66,237580
165,Untouchable (Taylor’s Version),Fearless (Taylor's Version),2021-04-09,15,0.0181,0.393,0.531,0.0,0.169,-6.112,0.0329,200.391,0.224,66,312107
166,Forever & Always (Piano Version) (Taylor’s Version),Fearless (Taylor's Version),2021-04-09,16,0.819,0.546,0.273,0.0,0.137,-9.208,0.0308,118.753,0.271,65,267833
167,Come In With The Rain (Taylor’s Version),Fearless (Taylor's Version),2021-04-09,17,0.0406,0.476,0.564,0.0,0.102,-5.677,0.0269,143.929,0.167,63,237338
168,Superstar (Taylor’s Version),Fearless (Taylor's Version),2021-04-09,18,0.157,0.454,0.555,0.0,0.343,-6.69,0.0283,171.862,0.171,62,263865
169,The Other Side Of The Door (Taylor’s Version),Fearless (Taylor's Version),2021-04-09,19,0.0279,0.432,0.873,0.0,0.167,-4.367,0.0577,163.936,0.629,67,238443
170,Today Was A Fairytale (Taylor’s Version),Fearless (Taylor's Version),2021-04-09,20,0.0135,0.482,0.779,0.0,0.296,-5.025,0.0409,158.162,0.328,65,241822
171,You All Over Me (feat. Maren Morris) (Taylor’s Version) (From The Vault),Fearless (Taylor's Version),2021-04-09,21,0.816,0.599,0.494,0.0,0.101,-7.61,0.0372,142.893,0.44,63,220839
172,Mr. Perfectly Fine (Taylor’s Version) (From The Vault),Fearless (Taylor's Version),2021-04-09,22,0.162,0.66,0.817,0.0,0.0667,-6.269,0.0521,135.942,0.714,74,277591
173,We Were Happy (Taylor’s Version) (From The Vault),Fearless (Taylor's Version),2021-04-09,23,0.849,0.609,0.373,0.0,0.0779,-8.819,0.0263,106.007,0.13,65,244236
174,That’s When (feat. Keith Urban) (Taylor’s Version) (From The Vault),Fearless (Taylor's Version),2021-04-09,24,0.225,0.588,0.608,0.0,0.092,-7.062,0.0365,90.201,0.508,67,189495
175,Don’t You (Taylor’s Version) (From The Vault),Fearless (Taylor's Version),2021-04-09,25,0.514,0.563,0.473,1.2e-05,0.109,-11.548,0.0503,101.934,0.405,67,208608
176,Bye Bye Baby (Taylor’s Version) (From The Vault),Fearless (Taylor's Version),2021-04-09,26,0.334,0.624,0.624,0.0,0.0995,-7.86,0.0539,80.132,0.527,65,242157
177,willow,evermore (deluxe version),2021-01-07,1,0.833,0.392,0.574,0.00179,0.145,-9.195,0.17,81.112,0.529,70,214706
178,champagne problems,evermore (deluxe version),2021-01-07,2,0.92,0.462,0.24,0.0,0.113,-12.077,0.0377,171.319,0.32,71,244000
179,gold rush,evermore (deluxe version),2021-01-07,3,0.83,0.512,0.462,0.166,0.121,-10.491,0.0408,112.05,0.353,68,185320
180,‘tis the damn season,evermore (deluxe version),2021-01-07,4,0.735,0.575,0.434,6.59e-05,0.105,-8.193,0.0312,145.916,0.348,69,229840
181,tolerate it,evermore (deluxe version),2021-01-07,5,0.878,0.316,0.361,2.67e-05,0.0797,-10.381,0.0488,74.952,0.221,70,245440
182,"no body, no crime (feat. HAIM)",evermore (deluxe version),2021-01-07,6,0.418,0.546,0.613,0.0,0.103,-7.589,0.0264,79.015,0.535,68,215626
183,happiness,evermore (deluxe version),2021-01-07,7,0.87,0.559,0.334,0.0,0.114,-10.733,0.0376,122.079,0.211,67,315146
184,dorothea,evermore (deluxe version),2021-01-07,8,0.696,0.605,0.488,0.0,0.129,-8.322,0.0264,119.966,0.354,66,225880
185,coney island (feat. The National),evermore (deluxe version),2021-01-07,9,0.819,0.537,0.537,0.000904,0.142,-11.266,0.0617,107.895,0.292,67,275320
186,ivy,evermore (deluxe version),2021-01-07,10,0.855,0.515,0.545,1.97e-05,0.0921,-9.277,0.0353,88.856,0.535,67,260440
187,cowboy like me,evermore (deluxe version),2021-01-07,11,0.768,0.604,0.517,0.000155,0.123,-9.014,0.0347,127.967,0.511,67,275040
188,long story short,evermore (deluxe version),2021-01-07,12,0.66,0.546,0.73,0.179,0.0972,-7.704,0.0417,157.895,0.573,67,215920
189,marjorie,evermore (deluxe version),2021-01-07,13,0.876,0.535,0.561,0.000136,0.115,-11.609,0.0484,96.103,0.287,67,257773
190,closure,evermore (deluxe version),2021-01-07,14,0.835,0.689,0.704,4.83e-06,0.134,-10.813,0.245,151.884,0.92,64,180653
191,evermore (feat. Bon Iver),evermore (deluxe version),2021-01-07,15,0.937,0.39,0.27,0.00227,0.111,-10.673,0.0308,125.177,0.32,68,304106
192,right where you left me - bonus track,evermore (deluxe version),2021-01-07,16,0.769,0.581,0.619,0.000106,0.117,-6.524,0.0282,137.915,0.645,79,245026
193,it’s time to go - bonus track,evermore (deluxe version),2021-01-07,17,0.801,0.592,0.41,1.39e-05,0.09,-12.426,0.0397,151.923,0.416,70,254640
194,willow,evermore,2020-12-11,1,0.833,0.392,0.574,0.00179,0.145,-9.195,0.17,81.112,0.529,81,214706
195,champagne problems,evermore,2020-12-11,2,0.92,0.462,0.24,0.0,0.113,-12.077,0.0377,171.319,0.32,80,244000
196,gold rush,evermore,2020-12-11,3,0.83,0.512,0.462,0.166,0.121,-10.491,0.0408,112.05,0.353,71,185320
197,‘tis the damn season,evermore,2020-12-11,4,0.735,0.575,0.434,6.59e-05,0.105,-8.193,0.0312,145.916,0.348,73,229840
198,tolerate it,evermore,2020-12-11,5,0.878,0.316,0.361,2.67e-05,0.0797,-10.381,0.0488,74.952,0.221,77,245440
199,"no body, no crime (feat. HAIM)",evermore,2020-12-11,6,0.418,0.546,0.613,0.0,0.103,-7.589,0.0264,79.015,0.535,69,215626
200,happiness,evermore,2020-12-11,7,0.87,0.559,0.334,0.0,0.114,-10.733,0.0376,122.079,0.211,67,315146
201,dorothea,evermore,2020-12-11,8,0.696,0.605,0.488,0.0,0.129,-8.322,0.0264,119.966,0.354,65,225880
202,coney island (feat. The National),evermore,2020-12-11,9,0.819,0.537,0.537,0.000904,0.142,-11.266,0.0617,107.895,0.292,65,275320
203,ivy,evermore,2020-12-11,10,0.855,0.515,0.545,1.97e-05,0.0921,-9.277,0.0353,88.856,0.535,70,260440
204,cowboy like me,evermore,2020-12-11,11,0.768,0.604,0.517,0.000155,0.123,-9.014,0.0347,127.967,0.511,69,275040
205,long story short,evermore,2020-12-11,12,0.66,0.546,0.73,0.179,0.0972,-7.704,0.0417,157.895,0.573,66,215920
206,marjorie,evermore,2020-12-11,13,0.876,0.535,0.561,0.000136,0.115,-11.609,0.0484,96.103,0.287,73,257773
207,closure,evermore,2020-12-11,14,0.835,0.689,0.704,4.83e-06,0.134,-10.813,0.245,151.884,0.92,63,180653
208,evermore (feat. Bon Iver),evermore,2020-12-11,15,0.937,0.39,0.27,0.00227,0.111,-10.673,0.0308,125.177,0.32,67,304106
209,the 1,folklore: the long pond studio sessions (from the Disney+ special) [deluxe edition],2020-11-25,1,0.75,0.78,0.361,7.14e-06,0.108,-6.942,0.048,139.902,0.163,52,210240
210,cardigan,folklore: the long pond studio sessions (from the Disney+ special) [deluxe edition],2020-11-25,2,0.525,0.612,0.58,0.000414,0.26,-8.572,0.0419,130.045,0.534,53,239560
211,the last great american dynasty,folklore: the long pond studio sessions (from the Disney+ special) [deluxe edition],2020-11-25,3,0.481,0.688,0.653,0.00414,0.106,-8.558,0.0403,147.991,0.701,51,231000
212,exile (feat. Bon Iver),folklore: the long pond studio sessions (from the Disney+ special) [deluxe edition],2020-11-25,4,0.761,0.31,0.374,2.46e-05,0.11,-8.464,0.0275,75.938,0.16,52,285640
213,my tears ricochet,folklore: the long pond studio sessions (from the Disney+ special) [deluxe edition],2020-11-25,5,0.814,0.456,0.265,0.0,0.0679,-10.663,0.0328,129.947,0.112,52,255893
214,mirrorball,folklore: the long pond studio sessions (from the Disney+ special) [deluxe edition],2020-11-25,6,0.686,0.549,0.417,1.9e-06,0.0604,-10.064,0.035,110.137,0.347,50,208973
215,seven,folklore: the long pond studio sessions (from the Disney+ special) [deluxe edition],2020-11-25,7,0.888,0.602,0.494,2.59e-05,0.0902,-10.813,0.0277,94.955,0.374,49,208906
216,august,folklore: the long pond studio sessions (from the Disney+ special) [deluxe edition],2020-11-25,8,0.553,0.387,0.634,6.93e-05,0.0931,-9.222,0.0363,89.567,0.42,52,261920
217,this is me trying,folklore: the long pond studio sessions (from the Disney+ special) [deluxe edition],2020-11-25,9,0.312,0.511,0.478,2.3e-05,0.147,-9.837,0.0322,135.882,0.408,50,195106
218,illicit affairs,folklore: the long pond studio sessions (from the Disney+ special) [deluxe edition],2020-11-25,10,0.862,0.529,0.304,0.0,0.108,-10.567,0.0356,119.58,0.44,51,190893
219,invisible string,folklore: the long pond studio sessions (from the Disney+ special) [deluxe edition],2020-11-25,11,0.859,0.651,0.459,6.63e-05,0.105,-11.128,0.0507,83.455,0.454,50,252880
220,mad woman,folklore: the long pond studio sessions (from the Disney+ special) [deluxe edition],2020-11-25,12,0.67,0.593,0.7,6.77e-06,0.116,-9.016,0.0492,141.898,0.451,48,237266
221,epiphany,folklore: the long pond studio sessions (from the Disney+ special) [deluxe edition],2020-11-25,13,0.727,0.317,0.254,0.000326,0.0867,-13.679,0.0286,93.933,0.103,47,289746
222,betty,folklore: the long pond studio sessions (from the Disney+ special) [deluxe edition],2020-11-25,14,0.589,0.595,0.376,0.0,0.0989,-8.767,0.0256,95.946,0.476,49,294520
223,peace,folklore: the long pond studio sessions (from the Disney+ special) [deluxe edition],2020-11-25,15,0.916,0.644,0.284,1.5e-05,0.0909,-12.879,0.0821,150.072,0.328,47,234000
224,hoax,folklore: the long pond studio sessions (from the Disney+ special) [deluxe edition],2020-11-25,16,0.964,0.676,0.178,7.9e-06,0.135,-15.01,0.0394,118.84,0.404,47,220040
225,the lakes - bonus track,folklore: the long pond studio sessions (from the Disney+ special) [deluxe edition],2020-11-25,17,0.842,0.313,0.258,1.3e-06,0.0948,-11.532,0.0383,179.947,0.268,48,211813
226,the 1 - the long pond studio sessions,folklore: the long pond studio sessions (from the Disney+ special) [deluxe edition],2020-11-25,1,0.898,0.708,0.25,0.026,0.102,-10.731,0.0361,139.803,0.156,58,219893
227,cardigan - the long pond studio sessions,folklore: the long pond studio sessions (from the Disney+ special) [deluxe edition],2020-11-25,2,0.88,0.395,0.234,0.0,0.107,-9.704,0.0382,86.478,0.247,58,230680
228,the last great american dynasty - the long pond studio sessions,folklore: the long pond studio sessions (from the Disney+ special) [deluxe edition],2020-11-25,3,0.743,0.64,0.618,0.004,0.0574,-11.715,0.0379,147.948,0.614,55,232346
229,exile (feat. Bon Iver) - the long pond studio sessions,folklore: the long pond studio sessions (from the Disney+ special) [deluxe edition],2020-11-25,4,0.848,0.359,0.305,6.74e-05,0.111,-10.295,0.0306,151.956,0.108,57,279893
230,my tears ricochet - the long pond studio sessions,folklore: the long pond studio sessions (from the Disney+ special) [deluxe edition],2020-11-25,5,0.946,0.531,0.172,1.01e-05,0.0615,-12.34,0.0351,129.007,0.168,59,295173
231,mirrorball - the long pond studio sessions,folklore: the long pond studio sessions (from the Disney+ special) [deluxe edition],2020-11-25,6,0.78,0.509,0.386,3.45e-05,0.118,-8.434,0.0272,109.993,0.109,57,237373
232,seven - the long pond studio sessions,folklore: the long pond studio sessions (from the Disney+ special) [deluxe edition],2020-11-25,7,0.914,0.694,0.449,0.000126,0.1,-11.49,0.0301,94.963,0.363,55,208986
233,august - the long pond studio sessions,folklore: the long pond studio sessions (from the Disney+ special) [deluxe edition],2020-11-25,8,0.5,0.554,0.663,4.77e-05,0.791,-8.961,0.0324,89.977,0.545,57,260000
234,this is me trying - the long pond studio sessions,folklore: the long pond studio sessions (from the Disney+ special) [deluxe edition],2020-11-25,9,0.928,0.435,0.332,0.000898,0.0867,-11.611,0.031,68.097,0.157,58,209293
235,illicit affairs - the long pond studio sessions,folklore: the long pond studio sessions (from the Disney+ special) [deluxe edition],2020-11-25,10,0.883,0.489,0.235,0.0,0.113,-10.274,0.0356,117.699,0.435,57,183720
236,invisible string - the long pond studio sessions,folklore: the long pond studio sessions (from the Disney+ special) [deluxe edition],2020-11-25,11,0.942,0.59,0.282,4.85e-06,0.11,-10.542,0.0281,83.438,0.351,55,257359
237,mad woman - the long pond studio sessions,folklore: the long pond studio sessions (from the Disney+ special) [deluxe edition],2020-11-25,12,0.887,0.663,0.465,0.000168,0.109,-10.463,0.0408,141.834,0.346,54,238333
238,epiphany - the long pond studio sessions,folklore: the long pond studio sessions (from the Disney+ special) [deluxe edition],2020-11-25,13,0.916,0.524,0.2,0.000392,0.068,-13.004,0.0274,93.87,0.113,53,274880
239,betty - the long pond studio sessions,folklore: the long pond studio sessions (from the Disney+ special) [deluxe edition],2020-11-25,14,0.841,0.538,0.316,0.0,0.119,-9.5,0.0299,95.68,0.518,55,290040
240,peace - the long pond studio sessions,folklore: the long pond studio sessions (from the Disney+ special) [deluxe edition],2020-11-25,15,0.93,0.619,0.344,7.61e-05,0.0734,-11.472,0.0647,149.897,0.513,54,214373
241,hoax - the long pond studio sessions,folklore: the long pond studio sessions (from the Disney+ special) [deluxe edition],2020-11-25,16,0.962,0.682,0.155,0.0,0.18,-13.083,0.0394,118.832,0.483,55,221800
242,the lakes - the long pond studio sessions,folklore: the long pond studio sessions (from the Disney+ special) [deluxe edition],2020-11-25,17,0.794,0.606,0.221,0.0,0.0888,-11.767,0.0468,89.844,0.112,57,199733
243,the 1,folklore (deluxe version),2020-08-18,1,0.75,0.78,0.361,7.14e-06,0.108,-6.942,0.048,139.902,0.163,71,210240
244,cardigan,folklore (deluxe version),2020-08-18,2,0.525,0.612,0.58,0.000414,0.26,-8.572,0.0419,130.045,0.534,71,239560
245,the last great american dynasty,folklore (deluxe version),2020-08-18,3,0.481,0.688,0.653,0.00414,0.106,-8.558,0.0403,147.991,0.701,70,231000
246,exile (feat. Bon Iver),folklore (deluxe version),2020-08-18,4,0.761,0.31,0.374,2.46e-05,0.11,-8.464,0.0275,75.938,0.16,71,285640
247,my tears ricochet,folklore (deluxe version),2020-08-18,5,0.814,0.456,0.265,0.0,0.0679,-10.663,0.0328,129.947,0.112,71,255893
248,mirrorball,folklore (deluxe version),2020-08-18,6,0.686,0.549,0.417,1.9e-06,0.0604,-10.064,0.035,110.137,0.347,69,208973
249,seven,folklore (deluxe version),2020-08-18,7,0.888,0.602,0.494,2.59e-05,0.0902,-10.813,0.0277,94.955,0.374,69,208906
250,august,folklore (deluxe version),2020-08-18,8,0.553,0.387,0.634,6.93e-05,0.0931,-9.222,0.0363,89.567,0.42,70,261920
251,this is me trying,folklore (deluxe version),2020-08-18,9,0.312,0.511,0.478,2.3e-05,0.147,-9.837,0.0322,135.882,0.408,69,195106
252,illicit affairs,folklore (deluxe version),2020-08-18,10,0.862,0.529,0.304,0.0,0.108,-10.567,0.0356,119.58,0.44,70,190893
253,invisible string,folklore (deluxe version),2020-08-18,11,0.859,0.651,0.459,6.63e-05,0.105,-11.128,0.0507,83.455,0.454,69,252880
254,mad woman,folklore (deluxe version),2020-08-18,12,0.67,0.593,0.7,6.77e-06,0.116,-9.016,0.0492,141.898,0.451,67,237266
255,epiphany,folklore (deluxe version),2020-08-18,13,0.727,0.317,0.254,0.000326,0.0867,-13.679,0.0286,93.933,0.103,66,289746
256,betty,folklore (deluxe version),2020-08-18,14,0.589,0.595,0.376,0.0,0.0989,-8.767,0.0256,95.946,0.476,68,294520
257,peace,folklore (deluxe version),2020-08-18,15,0.916,0.644,0.284,1.5e-05,0.0909,-12.879,0.0821,150.072,0.328,66,234000
258,hoax,folklore (deluxe version),2020-08-18,16,0.964,0.676,0.178,7.9e-06,0.135,-15.01,0.0394,118.84,0.404,66,220040
259,the lakes - bonus track,folklore (deluxe version),2020-08-18,17,0.842,0.313,0.258,1.3e-06,0.0948,-11.532,0.0383,179.947,0.268,70,211813
260,the 1,folklore,2020-07-24,1,0.757,0.777,0.357,7.28e-06,0.108,-6.942,0.0522,139.883,0.172,79,210251
261,cardigan,folklore,2020-07-24,2,0.537,0.613,0.581,0.000345,0.25,-8.588,0.0424,130.033,0.551,88,239560
262,the last great american dynasty,folklore,2020-07-24,3,0.467,0.686,0.662,0.0023,0.109,-8.505,0.0413,147.922,0.706,75,230999
263,exile (feat. Bon Iver),folklore,2020-07-24,4,0.778,0.298,0.38,5.62e-05,0.11,-8.426,0.0287,75.602,0.152,80,285634
264,my tears ricochet,folklore,2020-07-24,5,0.806,0.456,0.263,0.0,0.0749,-10.63,0.0332,129.86,0.111,79,255893
265,mirrorball,folklore,2020-07-24,6,0.687,0.553,0.413,2.33e-06,0.0594,-10.037,0.0334,110.107,0.379,77,208977
266,seven,folklore,2020-07-24,7,0.9,0.596,0.488,2.7e-05,0.091,-10.769,0.0274,94.926,0.415,74,208906
267,august,folklore,2020-07-24,8,0.538,0.532,0.623,7.28e-05,0.0925,-9.208,0.0331,89.937,0.403,87,261922
268,this is me trying,folklore,2020-07-24,9,0.314,0.515,0.476,4.74e-05,0.171,-9.843,0.0328,135.886,0.412,77,195097
269,illicit affairs,folklore,2020-07-24,10,0.881,0.559,0.31,0.0,0.106,-10.445,0.0338,119.845,0.46,80,190898
270,invisible string,folklore,2020-07-24,11,0.838,0.653,0.452,7.73e-05,0.108,-11.143,0.055,83.433,0.45,76,252880
271,mad woman,folklore,2020-07-24,12,0.655,0.592,0.699,1.68e-05,0.114,-8.995,0.0471,141.916,0.506,69,237258
272,epiphany,folklore,2020-07-24,13,0.731,0.354,0.267,0.000402,0.0858,-13.69,0.0281,94.219,0.113,67,289749
273,betty,folklore,2020-07-24,14,0.6,0.593,0.377,0.0,0.0976,-8.761,0.0253,95.939,0.502,75,294521
274,peace,folklore,2020-07-24,15,0.918,0.647,0.272,1.73e-05,0.0918,-12.906,0.0916,150.044,0.339,70,234000
275,hoax,folklore,2020-07-24,16,0.966,0.662,0.181,3.86e-06,0.133,-15.065,0.0415,118.819,0.429,68,220042
276,I Forgot That You Existed,Lover,2019-08-23,1,0.298,0.664,0.316,2.03e-06,0.0812,-10.345,0.519,92.875,0.541,74,170640
277,Cruel Summer,Lover,2019-08-23,2,0.117,0.552,0.702,2.06e-05,0.105,-5.707,0.157,169.994,0.564,96,178426
278,Lover,Lover,2019-08-23,3,0.492,0.359,0.543,1.58e-05,0.118,-7.582,0.0919,68.534,0.453,90,221306
279,The Man,Lover,2019-08-23,4,0.0767,0.777,0.658,0.0,0.0901,-5.191,0.054,110.048,0.633,84,190360
280,The Archer,Lover,2019-08-23,5,0.12,0.292,0.574,0.00569,0.0663,-9.375,0.0401,124.344,0.166,81,211240
281,I Think He Knows,Lover,2019-08-23,6,0.00889,0.897,0.366,0.000353,0.0715,-8.029,0.0569,100.003,0.416,75,173386
282,Miss Americana & The Heartbreak Prince,Lover,2019-08-23,7,0.028,0.662,0.747,0.00615,0.138,-6.926,0.0736,150.088,0.487,81,234146
283,Paper Rings,Lover,2019-08-23,8,0.0129,0.811,0.719,1.36e-05,0.0742,-6.553,0.0497,103.979,0.865,82,222400
284,Cornelia Street,Lover,2019-08-23,9,0.781,0.824,0.624,0.000189,0.1,-9.728,0.0827,102.012,0.248,77,287266
285,Death By A Thousand Cuts,Lover,2019-08-23,10,0.454,0.712,0.732,0.0,0.319,-6.754,0.0629,94.071,0.313,75,198533
286,London Boy,Lover,2019-08-23,11,0.0246,0.695,0.71,0.000104,0.133,-6.639,0.05,157.925,0.557,77,190240
287,Soon You’ll Get Better (feat. The Chicks),Lover,2019-08-23,12,0.907,0.433,0.182,0.0,0.123,-12.566,0.0641,207.476,0.421,69,201586
288,False God,Lover,2019-08-23,13,0.736,0.739,0.32,0.000147,0.111,-10.862,0.239,79.97,0.351,76,200306
289,You Need To Calm Down,Lover,2019-08-23,14,0.00929,0.771,0.671,0.0,0.0637,-5.617,0.0553,85.026,0.714,83,171360
290,Afterglow,Lover,2019-08-23,15,0.13,0.756,0.449,0.0,0.114,-8.746,0.0344,111.011,0.399,78,223293
291,ME! (feat. Brendon Urie of Panic! At The Disco),Lover,2019-08-23,16,0.033,0.61,0.83,0.0,0.118,-4.105,0.0571,182.162,0.728,78,193000
292,It’s Nice To Have A Friend,Lover,2019-08-23,17,0.971,0.737,0.175,0.000337,0.171,-9.912,0.0401,70.008,0.545,69,150440
293,Daylight,Lover,2019-08-23,18,0.808,0.557,0.496,0.000173,0.0772,-9.602,0.0563,149.983,0.265,82,293453
294,...Ready For It?,reputation,2017-11-10,1,0.0527,0.613,0.764,0.0,0.197,-6.509,0.136,160.015,0.417,84,208186
295,End Game,reputation,2017-11-10,2,0.00845,0.649,0.589,0.0,0.108,-6.237,0.0558,159.073,0.151,78,244826
296,I Did Something Bad,reputation,2017-11-10,3,0.0679,0.696,0.602,2.11e-05,0.0696,-6.156,0.159,82.989,0.305,79,238253
297,Don’t Blame Me,reputation,2017-11-10,4,0.106,0.615,0.534,1.76e-05,0.0607,-6.719,0.0386,135.917,0.193,88,236413
298,Delicate,reputation,2017-11-10,5,0.216,0.75,0.404,0.000357,0.0911,-10.178,0.0682,95.045,0.0499,84,232253
299,Look What You Made Me Do,reputation,2017-11-10,6,0.204,0.766,0.709,1.41e-05,0.126,-6.471,0.123,128.07,0.506,84,211853
300,So It Goes...,reputation,2017-11-10,7,0.122,0.574,0.61,1.1e-06,0.13,-7.283,0.0732,74.957,0.374,73,227906
301,Gorgeous,reputation,2017-11-10,8,0.0713,0.8,0.535,9.48e-06,0.213,-6.684,0.135,92.027,0.451,80,209680
302,Getaway Car,reputation,2017-11-10,9,0.00465,0.562,0.689,2.23e-06,0.0888,-6.745,0.127,172.054,0.351,84,233626
303,King Of My Heart,reputation,2017-11-10,10,0.00882,0.675,0.703,2.21e-06,0.0391,-7.902,0.0382,110.01,0.314,76,214320
304,Dancing With Our Hands Tied,reputation,2017-11-10,11,0.0604,0.624,0.691,1.1e-05,0.138,-6.686,0.196,160.024,0.284,75,211506
305,Dress,reputation,2017-11-10,12,0.0329,0.719,0.469,0.0,0.169,-8.792,0.0533,120.085,0.0851,79,230373
306,This Is Why We Can't Have Nice Things,reputation,2017-11-10,13,0.0156,0.567,0.789,0.0,0.382,-5.986,0.115,163.96,0.438,74,207133
307,Call It What You Want,reputation,2017-11-10,14,0.186,0.598,0.504,0.000221,0.34,-9.874,0.0731,163.954,0.252,78,203506
308,New Year’s Day,reputation,2017-11-10,15,0.921,0.661,0.151,0.0,0.13,-12.864,0.0354,94.922,0.23,74,235466
309,All Too Well,reputation Stadium Tour Surprise Song Playlist,2017-11-09,1,0.0448,0.602,0.605,0.000334,0.128,-7.803,0.0244,93.061,0.316,38,329160
310,Wildest Dreams,reputation Stadium Tour Surprise Song Playlist,2017-11-09,2,0.0692,0.55,0.688,0.00144,0.106,-7.416,0.0897,139.997,0.465,41,220440
311,The Best Day,reputation Stadium Tour Surprise Song Playlist,2017-11-09,3,0.639,0.669,0.448,4.06e-06,0.158,-8.566,0.0285,126.068,0.383,33,246306
312,Red,reputation Stadium Tour Surprise Song Playlist,2017-11-09,4,0.0779,0.605,0.899,0.000125,0.0911,-4.273,0.0423,124.985,0.647,36,223093
313,Holy Ground,reputation Stadium Tour Surprise Song Playlist,2017-11-09,5,0.0162,0.627,0.816,0.00208,0.0965,-6.698,0.0774,157.043,0.648,33,202960
314,Teardrops On My Guitar - Radio Single Remix,reputation Stadium Tour Surprise Song Playlist,2017-11-09,6,0.313,0.626,0.427,0.0,0.138,-6.993,0.0234,99.959,0.263,36,204706
315,Our Song,reputation Stadium Tour Surprise Song Playlist,2017-11-09,7,0.114,0.545,0.663,0.0,0.321,-5.05,0.0363,178.013,0.565,41,203440
316,22,reputation Stadium Tour Surprise Song Playlist,2017-11-09,8,0.00254,0.66,0.733,0.00146,0.0473,-6.564,0.0379,104.009,0.68,38,232120
317,I Knew You Were Trouble.,reputation Stadium Tour Surprise Song Playlist,2017-11-09,9,0.00476,0.536,0.464,2.67e-06,0.0357,-6.761,0.0412,77.318,0.665,39,219720
318,I Don’t Wanna Live Forever (Fifty Shades Darker),reputation Stadium Tour Surprise Song Playlist,2017-11-09,10,0.0586,0.731,0.445,1.96e-05,0.14,-8.418,0.0533,117.97,0.106,83,247160
319,Mean,reputation Stadium Tour Surprise Song Playlist,2017-11-09,11,0.451,0.576,0.754,0.0,0.223,-3.982,0.0428,163.886,0.79,36,238693
320,How You Get The Girl,reputation Stadium Tour Surprise Song Playlist,2017-11-09,12,0.00364,0.765,0.656,0.00868,0.0918,-6.112,0.0504,119.997,0.545,34,247533
321,So It Goes...,reputation Stadium Tour Surprise Song Playlist,2017-11-09,13,0.122,0.574,0.61,1.1e-06,0.13,-7.283,0.0732,74.957,0.374,56,227906
322,Fifteen,reputation Stadium Tour Surprise Song Playlist,2017-11-09,14,0.0717,0.55,0.628,0.0,0.138,-4.437,0.0269,95.122,0.211,32,295320
323,Mine,reputation Stadium Tour Surprise Song Playlist,2017-11-09,15,0.00302,0.621,0.779,3.22e-06,0.187,-2.943,0.0301,121.034,0.67,40,231866
324,Sparks Fly,reputation Stadium Tour Surprise Song Playlist,2017-11-09,16,0.041,0.61,0.782,0.0,0.16,-2.98,0.0309,114.977,0.399,34,262920
325,State Of Grace,reputation Stadium Tour Surprise Song Playlist,2017-11-09,17,0.000184,0.591,0.828,0.00113,0.0879,-5.895,0.0333,129.962,0.383,31,295720
326,Haunted,reputation Stadium Tour Surprise Song Playlist,2017-11-09,18,0.0648,0.431,0.949,0.0,0.0612,-2.622,0.0605,162.012,0.37,33,245413
327,Never Grow Up,reputation Stadium Tour Surprise Song Playlist,2017-11-09,19,0.824,0.714,0.309,0.0,0.136,-8.828,0.0302,124.894,0.545,31,292920
328,Treacherous,reputation Stadium Tour Surprise Song Playlist,2017-11-09,20,0.101,0.704,0.621,4.3e-06,0.14,-8.086,0.0334,109.995,0.395,30,242760
329,Babe,reputation Stadium Tour Surprise Song Playlist,2017-11-09,21,0.0221,0.577,0.784,0.0,0.125,-3.266,0.101,171.791,0.643,33,215106
330,Welcome To New York,reputation Stadium Tour Surprise Song Playlist,2017-11-09,22,0.0348,0.789,0.634,1.64e-06,0.302,-4.762,0.0323,116.992,0.658,33,212600
331,Fearless,reputation Stadium Tour Surprise Song Playlist,2017-11-09,23,0.0377,0.603,0.718,0.0,0.307,-4.401,0.0272,100.163,0.429,33,242973
332,Enchanted,reputation Stadium Tour Surprise Song Playlist,2017-11-09,24,0.0717,0.535,0.626,0.00127,0.158,-3.895,0.0274,81.963,0.218,43,353253
333,Change,reputation Stadium Tour Surprise Song Playlist,2017-11-09,25,0.00418,0.543,0.763,0.0,0.111,-4.206,0.0376,96.006,0.234,29,281053
334,Ours,reputation Stadium Tour Surprise Song Playlist,2017-11-09,26,0.469,0.61,0.56,0.0,0.087,-7.392,0.0279,159.837,0.228,33,239346
335,Out Of The Woods,reputation Stadium Tour Surprise Song Playlist,2017-11-09,27,0.000743,0.553,0.841,1.19e-05,0.341,-6.937,0.0396,92.008,0.338,35,235800
336,Come Back...Be Here,reputation Stadium Tour Surprise Song Playlist,2017-11-09,28,0.00471,0.483,0.548,2.01e-06,0.0997,-6.291,0.0254,79.926,0.217,31,223920
337,A Place in this World,reputation Stadium Tour Surprise Song Playlist,2017-11-09,29,0.0577,0.573,0.767,0.0,0.327,-2.929,0.0323,114.984,0.438,31,202080
338,This Love,reputation Stadium Tour Surprise Song Playlist,2017-11-09,30,0.678,0.481,0.435,0.0,0.0928,-8.795,0.0321,143.95,0.107,31,250093
339,The Lucky One,reputation Stadium Tour Surprise Song Playlist,2017-11-09,31,0.0352,0.706,0.505,0.0,0.13,-7.639,0.0358,117.935,0.561,30,240266
340,Invisible,reputation Stadium Tour Surprise Song Playlist,2017-11-09,32,0.56,0.609,0.383,0.0,0.165,-5.732,0.0243,96.005,0.224,31,205853
341,Breathe,reputation Stadium Tour Surprise Song Playlist,2017-11-09,33,0.416,0.442,0.48,0.0,0.129,-7.405,0.0281,73.849,0.167,34,264946
342,Better Man,reputation Stadium Tour Surprise Song Playlist,2017-11-09,34,0.123,0.502,0.843,0.0,0.0974,-3.648,0.0378,143.944,0.507,34,263613
343,Jump Then Fall,reputation Stadium Tour Surprise Song Playlist,2017-11-09,35,0.113,0.617,0.699,0.0,0.074,-5.712,0.0274,80.007,0.818,29,238093
344,Begin Again,reputation Stadium Tour Surprise Song Playlist,2017-11-09,36,0.199,0.53,0.526,3.52e-06,0.14,-8.349,0.0263,79.025,0.323,30,239426
345,Tied Together with a Smile,reputation Stadium Tour Surprise Song Playlist,2017-11-09,37,0.521,0.479,0.547,0.0,0.0728,-4.948,0.0275,146.147,0.238,31,251213
346,The Story Of Us,reputation Stadium Tour Surprise Song Playlist,2017-11-09,38,0.00556,0.547,0.808,0.000304,0.0587,-3.63,0.0398,139.908,0.65,32,267653
347,Forever & Always,reputation Stadium Tour Surprise Song Playlist,2017-11-09,39,0.0806,0.607,0.829,0.0,0.207,-5.02,0.0588,128.057,0.52,30,226293
348,Hey Stephen,reputation Stadium Tour Surprise Song Playlist,2017-11-09,40,0.191,0.843,0.541,1.85e-06,0.108,-7.361,0.0318,116.001,0.838,29,256040
349,Speak Now,reputation Stadium Tour Surprise Song Playlist,2017-11-09,41,0.0991,0.712,0.603,0.0,0.102,-3.753,0.0304,118.986,0.714,31,243346
350,Wonderland,reputation Stadium Tour Surprise Song Playlist,2017-11-09,42,0.0493,0.422,0.692,2.57e-05,0.177,-5.447,0.0549,184.014,0.197,34,245560
351,White Horse,reputation Stadium Tour Surprise Song Playlist,2017-11-09,43,0.314,0.578,0.348,0.0,0.1,-8.066,0.0257,92.673,0.218,31,235400
352,I'm Only Me When I'm With You,reputation Stadium Tour Surprise Song Playlist,2017-11-09,44,0.00454,0.556,0.933,0.000469,0.101,-3.685,0.072,143.936,0.521,32,215600
353,Starlight,reputation Stadium Tour Surprise Song Playlist,2017-11-09,45,0.0192,0.649,0.777,0.000487,0.234,-5.797,0.0391,126.014,0.616,30,220600
354,I Know Places,reputation Stadium Tour Surprise Song Playlist,2017-11-09,46,0.245,0.602,0.755,0.0,0.178,-4.991,0.071,159.965,0.495,32,195706
355,Welcome To New York,1989 (Deluxe Edition),2014-10-27,1,0.0348,0.789,0.634,1.64e-06,0.302,-4.762,0.0323,116.992,0.658,50,212600
356,Blank Space,1989 (Deluxe Edition),2014-10-27,2,0.103,0.76,0.703,0.0,0.0913,-5.412,0.054,95.997,0.57,54,231826
357,Style,1989 (Deluxe Edition),2014-10-27,3,0.00245,0.588,0.791,0.00258,0.118,-5.595,0.0402,94.933,0.487,57,231000
358,Out Of The Woods,1989 (Deluxe Edition),2014-10-27,4,0.000743,0.553,0.841,1.19e-05,0.341,-6.937,0.0396,92.008,0.338,53,235800
359,All You Had To Do Was Stay,1989 (Deluxe Edition),2014-10-27,5,0.00201,0.605,0.725,2.02e-05,0.101,-5.729,0.0323,96.97,0.539,48,193293
360,Shake It Off,1989 (Deluxe Edition),2014-10-27,6,0.0647,0.647,0.8,0.0,0.334,-5.384,0.165,160.078,0.942,53,219200
361,I Wish You Would,1989 (Deluxe Edition),2014-10-27,7,0.0158,0.653,0.893,4.95e-05,0.102,-5.966,0.0538,118.035,0.513,53,207440
362,Bad Blood,1989 (Deluxe Edition),2014-10-27,8,0.0885,0.646,0.794,6.16e-06,0.201,-6.104,0.19,170.216,0.287,50,211933
363,Wildest Dreams,1989 (Deluxe Edition),2014-10-27,9,0.0692,0.55,0.688,0.00144,0.106,-7.416,0.0897,139.997,0.465,51,220440
364,How You Get The Girl,1989 (Deluxe Edition),2014-10-27,10,0.00364,0.765,0.656,0.00868,0.0918,-6.112,0.0504,119.997,0.545,54,247533
365,This Love,1989 (Deluxe Edition),2014-10-27,11,0.678,0.481,0.435,0.0,0.0928,-8.795,0.0321,143.95,0.107,49,250093
366,I Know Places,1989 (Deluxe Edition),2014-10-27,12,0.245,0.602,0.755,0.0,0.178,-4.991,0.071,159.965,0.495,51,195706
367,Clean,1989 (Deluxe Edition),2014-10-27,13,0.232,0.815,0.377,0.0,0.1,-7.754,0.0346,103.97,0.211,56,271000
368,Wonderland,1989 (Deluxe Edition),2014-10-27,14,0.0493,0.422,0.692,2.57e-05,0.177,-5.447,0.0549,184.014,0.197,56,245560
369,You Are In Love,1989 (Deluxe Edition),2014-10-27,15,0.707,0.474,0.48,0.000108,0.0903,-8.894,0.0622,170.109,0.319,56,267106
370,New Romantics,1989 (Deluxe Edition),2014-10-27,16,0.00463,0.633,0.889,0.000458,0.0658,-5.87,0.0715,121.956,0.584,63,230466
374,Welcome To New York,1989,2014-10-27,1,0.038,0.793,0.634,1.76e-06,0.304,-4.807,0.0324,117.024,0.615,58,212600
375,Blank Space,1989,2014-10-27,2,0.085,0.753,0.678,1.64e-06,0.13,-5.421,0.0644,96.006,0.583,74,231826
376,Style,1989,2014-10-27,3,0.00253,0.598,0.786,0.0016,0.117,-5.572,0.0383,95.019,0.456,72,231000
377,Out Of The Woods,1989,2014-10-27,4,0.00103,0.552,0.842,1.17e-05,0.337,-6.938,0.0373,91.991,0.343,58,235800
378,All You Had To Do Was Stay,1989,2014-10-27,5,0.00196,0.602,0.736,4.57e-05,0.105,-5.778,0.0338,96.969,0.471,54,193293
379,Shake It Off,1989,2014-10-27,6,0.0561,0.647,0.785,0.0,0.148,-5.414,0.165,160.015,0.943,73,219200
380,I Wish You Would,1989,2014-10-27,7,0.016,0.648,0.898,9.91e-05,0.109,-5.963,0.0513,118.02,0.502,46,207440
381,Bad Blood,1989,2014-10-27,8,0.0871,0.65,0.802,6.54e-06,0.148,-6.114,0.181,170.146,0.295,66,211933
382,Wildest Dreams,1989,2014-10-27,9,0.0702,0.554,0.666,0.00593,0.106,-7.414,0.0747,140.056,0.472,69,220440
383,How You Get The Girl,1989,2014-10-27,10,0.00461,0.764,0.66,0.00477,0.0915,-6.136,0.0494,119.988,0.524,47,247533
384,This Love,1989,2014-10-27,11,0.635,0.475,0.459,0.0,0.101,-8.768,0.0333,143.988,0.0828,44,250093
385,I Know Places,1989,2014-10-27,12,0.231,0.596,0.763,0.0,0.2,-4.99,0.0661,159.958,0.507,44,195706
386,Clean,1989,2014-10-27,13,0.241,0.81,0.379,0.0,0.113,-7.771,0.0349,103.981,0.22,46,271000
387,State Of Grace,Red (Deluxe Edition),2012-10-22,1,0.000197,0.588,0.825,0.00138,0.0885,-5.882,0.0328,129.968,0.397,43,295186
388,Red,Red (Deluxe Edition),2012-10-22,2,0.0773,0.602,0.896,8.87e-05,0.091,-4.267,0.0437,124.978,0.641,50,220826
389,Treacherous,Red (Deluxe Edition),2012-10-22,3,0.101,0.705,0.621,4.3e-06,0.147,-8.086,0.0334,109.993,0.395,41,240773
390,I Knew You Were Trouble.,Red (Deluxe Edition),2012-10-22,4,0.00454,0.622,0.469,2.25e-06,0.0398,-6.798,0.0363,77.019,0.679,50,217973
391,All Too Well,Red (Deluxe Edition),2012-10-22,5,0.0382,0.602,0.609,0.0002,0.127,-7.803,0.0243,93.06,0.337,56,327893
392,22,Red (Deluxe Edition),2012-10-22,6,0.00215,0.658,0.729,0.0013,0.0752,-6.561,0.0378,104.007,0.668,55,230133
393,I Almost Do,Red (Deluxe Edition),2012-10-22,7,0.0173,0.567,0.481,4.13e-05,0.182,-7.357,0.027,145.865,0.233,42,242573
394,We Are Never Ever Getting Back Together,Red (Deluxe Edition),2012-10-22,8,0.00957,0.628,0.676,2.65e-05,0.102,-5.911,0.0916,85.984,0.75,48,191880
395,Stay Stay Stay,Red (Deluxe Edition),2012-10-22,9,0.307,0.729,0.748,1.29e-06,0.09,-6.67,0.0245,99.981,0.928,43,204826
396,The Last Time,Red (Deluxe Edition),2012-10-22,10,0.035,0.505,0.443,3.15e-06,0.0921,-7.039,0.0276,94.069,0.123,44,298293
397,Holy Ground,Red (Deluxe Edition),2012-10-22,11,0.0162,0.627,0.816,0.00208,0.0966,-6.698,0.0774,157.043,0.648,42,201853
398,Sad Beautiful Tragic,Red (Deluxe Edition),2012-10-22,12,0.632,0.624,0.34,0.0337,0.121,-12.411,0.029,129.987,0.261,39,283680
399,The Lucky One,Red (Deluxe Edition),2012-10-22,13,0.0371,0.706,0.499,0.0,0.132,-7.675,0.0369,117.937,0.545,40,240133
400,Everything Has Changed,Red (Deluxe Edition),2012-10-22,14,0.36,0.624,0.458,3.89e-06,0.303,-6.755,0.0287,80.017,0.436,44,243933
401,Starlight,Red (Deluxe Edition),2012-10-22,15,0.0213,0.649,0.777,0.000335,0.221,-5.804,0.0406,126.018,0.587,40,217826
402,Begin Again,Red (Deluxe Edition),2012-10-22,16,0.199,0.53,0.526,3.52e-06,0.232,-8.349,0.0263,79.025,0.323,41,237613
403,The Moment I Knew,Red (Deluxe Edition),2012-10-22,17,0.187,0.62,0.506,1.47e-05,0.102,-7.327,0.0312,126.015,0.275,38,285560
404,Come Back...Be Here,Red (Deluxe Edition),2012-10-22,18,0.00471,0.483,0.548,2.01e-06,0.0997,-6.291,0.0254,79.926,0.217,42,222706
405,Girl At Home,Red (Deluxe Edition),2012-10-22,19,0.272,0.733,0.59,0.0,0.136,-5.86,0.0284,125.048,0.633,35,220320
406,Treacherous - Original Demo Recording,Red (Deluxe Edition),2012-10-22,20,0.175,0.828,0.64,6.14e-05,0.0996,-8.248,0.0355,109.993,0.519,34,239720
407,Red - Original Demo Recording,Red (Deluxe Edition),2012-10-22,21,0.113,0.678,0.902,0.000235,0.0722,-4.659,0.0358,124.998,0.637,36,226280
408,State Of Grace - Acoustic,Red (Deluxe Edition),2012-10-22,22,0.664,0.626,0.118,0.000169,0.127,-15.91,0.0305,105.597,0.0682,36,323080
409,State Of Grace,Red,2012-10-22,1,0.000197,0.588,0.825,0.00138,0.0885,-5.882,0.0328,129.968,0.397,39,295186
410,Red,Red,2012-10-22,2,0.0773,0.602,0.896,8.87e-05,0.091,-4.267,0.0437,124.978,0.641,56,220826
411,Treacherous,Red,2012-10-22,3,0.101,0.705,0.621,4.3e-06,0.147,-8.086,0.0334,109.993,0.395,38,240773
412,I Knew You Were Trouble.,Red,2012-10-22,4,0.00454,0.622,0.469,2.25e-06,0.0398,-6.798,0.0363,77.019,0.679,60,217973
413,All Too Well,Red,2012-10-22,5,0.0382,0.602,0.609,0.0002,0.127,-7.803,0.0243,93.06,0.337,44,327893
414,22,Red,2012-10-22,6,0.00215,0.658,0.729,0.0013,0.0752,-6.561,0.0378,104.007,0.668,51,230133
415,I Almost Do,Red,2012-10-22,7,0.0173,0.567,0.481,4.13e-05,0.182,-7.357,0.027,145.865,0.233,39,242573
416,We Are Never Ever Getting Back Together,Red,2012-10-22,8,0.00957,0.628,0.676,2.65e-05,0.102,-5.911,0.0916,85.984,0.75,57,191880
417,Stay Stay Stay,Red,2012-10-22,9,0.307,0.729,0.748,1.29e-06,0.09,-6.67,0.0245,99.981,0.928,38,204826
418,The Last Time,Red,2012-10-22,10,0.035,0.505,0.443,3.15e-06,0.0921,-7.039,0.0276,94.069,0.123,37,298293
419,Holy Ground,Red,2012-10-22,11,0.0162,0.627,0.816,0.00208,0.0966,-6.698,0.0774,157.043,0.648,36,201853
420,Sad Beautiful Tragic,Red,2012-10-22,12,0.632,0.624,0.34,0.0337,0.121,-12.411,0.029,129.987,0.261,35,283680
421,The Lucky One,Red,2012-10-22,13,0.0371,0.706,0.499,0.0,0.132,-7.675,0.0369,117.937,0.545,35,240133
422,Everything Has Changed,Red,2012-10-22,14,0.36,0.624,0.458,3.89e-06,0.303,-6.755,0.0287,80.017,0.436,49,243933
423,Starlight,Red,2012-10-22,15,0.0213,0.649,0.777,0.000335,0.221,-5.804,0.0406,126.018,0.587,36,217826
424,Begin Again,Red,2012-10-22,16,0.199,0.53,0.526,3.52e-06,0.232,-8.349,0.0263,79.025,0.323,54,237613
425,Sparks Fly - Live/2011,Speak Now World Tour Live,2010-10-25,1,0.00917,0.455,0.783,0.0,0.918,-5.184,0.0393,114.981,0.298,46,336826
426,Mine - Live/2011,Speak Now World Tour Live,2010-10-25,2,0.00233,0.496,0.852,0.0,0.554,-4.775,0.0373,120.969,0.442,44,259279
427,The Story Of Us - Live,Speak Now World Tour Live,2010-10-25,3,0.00048,0.419,0.908,0.0,0.815,-5.156,0.0651,139.813,0.472,45,290520
428,Mean - Live/2011,Speak Now World Tour Live,2010-10-25,4,0.154,0.429,0.915,0.0,0.693,-4.373,0.069,163.752,0.432,44,246373
429,Ours - Live/2011,Speak Now World Tour Live,2010-10-25,5,0.715,0.421,0.355,0.0,0.867,-10.21,0.0298,77.769,0.267,44,245973
430,Back To December/Apologize/You're Not Sorry - Live/2011/Medley,Speak Now World Tour Live,2010-10-25,6,0.155,0.374,0.516,0.0,0.795,-8.745,0.0294,142.057,0.171,50,362826
431,Better Than Revenge - Live/2011,Speak Now World Tour Live,2010-10-25,7,0.00306,0.445,0.887,2.67e-05,0.931,-5.629,0.0768,145.954,0.386,45,344573
432,Speak Now - Live/2011,Speak Now World Tour Live,2010-10-25,8,0.0636,0.615,0.694,1.28e-06,0.83,-5.251,0.0318,118.876,0.373,44,248146
433,Last Kiss - Live/2011,Speak Now World Tour Live,2010-10-25,9,0.205,0.427,0.395,8.73e-06,0.701,-12.551,0.0291,79.517,0.188,44,369066
434,Drops Of Jupiter - Live/2011,Speak Now World Tour Live,2010-10-25,10,0.806,0.374,0.504,0.0,0.76,-8.407,0.0392,109.025,0.27,50,315173
435,Bette Davis Eyes - Live/2011,Speak Now World Tour Live,2010-10-25,11,0.713,0.327,0.488,0.0,0.837,-9.287,0.0322,104.46,0.363,46,189146
436,I Want You Back - Live/2011,Speak Now World Tour Live,2010-10-25,12,0.794,0.536,0.512,0.000122,0.497,-6.794,0.0341,97.397,0.249,47,83253
437,Dear John - Live/2011,Speak Now World Tour Live,2010-10-25,13,0.0157,0.521,0.386,0.0,0.884,-8.784,0.0301,119.518,0.138,45,404680
438,Enchanted - Live/2011,Speak Now World Tour Live,2010-10-25,14,0.0747,0.34,0.663,2.34e-06,0.563,-5.597,0.0331,163.678,0.214,46,389213
439,Haunted - Live/2011,Speak Now World Tour Live,2010-10-25,15,0.0245,0.338,0.818,0.0,0.889,-7.495,0.0496,162.157,0.177,45,292426
440,Long Live - Live/2011,Speak Now World Tour Live,2010-10-25,16,0.0053,0.544,0.728,0.0,0.865,-5.838,0.0282,101.939,0.204,46,376466
441,Mine,Speak Now (Deluxe Edition),2010-10-25,1,0.00265,0.624,0.757,1.87e-06,0.189,-2.94,0.0296,121.07,0.658,50,230706
442,Sparks Fly,Speak Now (Deluxe Edition),2010-10-25,2,0.0396,0.605,0.787,1.42e-06,0.163,-3.002,0.0308,114.987,0.374,50,260933
443,Back To December,Speak Now (Deluxe Edition),2010-10-25,3,0.117,0.529,0.67,0.0,0.334,-4.663,0.0303,141.893,0.286,50,293026
444,Speak Now,Speak Now (Deluxe Edition),2010-10-25,4,0.095,0.709,0.599,0.0,0.0973,-3.734,0.0304,118.975,0.735,44,240760
445,Dear John,Speak Now (Deluxe Edition),2010-10-25,5,0.166,0.589,0.47,1.45e-06,0.112,-5.32,0.028,119.386,0.102,49,403920
446,Mean,Speak Now (Deluxe Edition),2010-10-25,6,0.452,0.568,0.761,0.0,0.217,-3.987,0.0459,163.974,0.789,53,237733
447,The Story Of Us,Speak Now (Deluxe Edition),2010-10-25,7,0.00478,0.543,0.818,0.000368,0.0357,-3.611,0.0398,139.898,0.683,45,265666
448,Never Grow Up,Speak Now (Deluxe Edition),2010-10-25,8,0.819,0.714,0.305,0.0,0.174,-8.837,0.0305,124.91,0.554,49,290466
449,Enchanted,Speak Now (Deluxe Edition),2010-10-25,9,0.0739,0.455,0.623,0.000424,0.146,-3.878,0.0288,163.893,0.208,49,352186
450,Better Than Revenge,Speak Now (Deluxe Edition),2010-10-25,10,0.0139,0.516,0.917,6.37e-06,0.36,-3.186,0.0827,145.821,0.635,57,217160
451,Innocent,Speak Now (Deluxe Edition),2010-10-25,11,0.186,0.552,0.608,0.0,0.125,-5.29,0.0259,134.05,0.17,41,302253
452,Haunted,Speak Now (Deluxe Edition),2010-10-25,12,0.0826,0.436,0.95,1.08e-06,0.149,-2.627,0.057,162.088,0.352,50,242080
453,Last Kiss,Speak Now (Deluxe Edition),2010-10-25,13,0.57,0.371,0.341,3.09e-05,0.101,-9.475,0.0319,89.038,0.196,46,367133
454,Long Live,Speak Now (Deluxe Edition),2010-10-25,14,0.036,0.418,0.68,7.59e-05,0.114,-4.3,0.0347,204.12,0.142,46,317453
455,Ours,Speak Now (Deluxe Edition),2010-10-25,15,0.537,0.608,0.569,0.0,0.097,-7.227,0.0284,159.845,0.238,49,237920
456,If This Was A Movie,Speak Now (Deluxe Edition),2010-10-25,16,0.166,0.511,0.719,4.54e-06,0.34,-3.457,0.0265,147.852,0.289,46,234546
457,Superman,Speak Now (Deluxe Edition),2010-10-25,17,0.0268,0.582,0.765,1.95e-06,0.103,-3.648,0.0324,131.982,0.559,42,275960
458,Back To December - Acoustic,Speak Now (Deluxe Edition),2010-10-25,18,0.748,0.541,0.453,0.0,0.2,-6.459,0.0266,141.757,0.377,46,292560
459,Haunted - Acoustic Version,Speak Now (Deluxe Edition),2010-10-25,19,0.842,0.563,0.443,0.0,0.293,-5.078,0.0247,80.962,0.313,46,217613
460,Mine - POP Mix,Speak Now (Deluxe Edition),2010-10-25,20,0.00727,0.695,0.723,1.2e-06,0.1,-3.806,0.0285,121.011,0.679,41,230333
461,Mine,Speak Now,2010-10-25,1,0.00265,0.624,0.757,1.87e-06,0.189,-2.94,0.0296,121.07,0.658,58,230706
462,Sparks Fly,Speak Now,2010-10-25,2,0.0396,0.605,0.787,1.42e-06,0.163,-3.002,0.0308,114.987,0.374,57,260933
463,Back To December,Speak Now,2010-10-25,3,0.117,0.529,0.67,0.0,0.334,-4.663,0.0303,141.893,0.286,60,293026
464,Speak Now,Speak Now,2010-10-25,4,0.095,0.709,0.599,0.0,0.0973,-3.734,0.0304,118.975,0.735,51,240760
465,Dear John,Speak Now,2010-10-25,5,0.166,0.589,0.47,1.45e-06,0.112,-5.32,0.028,119.386,0.102,49,403920
466,Mean,Speak Now,2010-10-25,6,0.452,0.568,0.761,0.0,0.217,-3.987,0.0459,163.974,0.789,59,237733
467,The Story Of Us,Speak Now,2010-10-25,7,0.00478,0.543,0.818,0.000368,0.0357,-3.611,0.0398,139.898,0.683,52,265666
468,Never Grow Up,Speak Now,2010-10-25,8,0.819,0.714,0.305,0.0,0.174,-8.837,0.0305,124.91,0.554,48,290466
469,Enchanted,Speak Now,2010-10-25,9,0.0739,0.455,0.623,0.000424,0.146,-3.878,0.0288,163.893,0.208,66,352186
470,Better Than Revenge,Speak Now,2010-10-25,10,0.0139,0.516,0.917,6.37e-06,0.36,-3.186,0.0827,145.821,0.635,54,217160
471,Innocent,Speak Now,2010-10-25,11,0.186,0.552,0.608,0.0,0.125,-5.29,0.0259,134.05,0.17,42,302253
472,Haunted,Speak Now,2010-10-25,12,0.0826,0.436,0.95,1.08e-06,0.149,-2.627,0.057,162.088,0.352,49,242080
473,Last Kiss,Speak Now,2010-10-25,13,0.57,0.371,0.341,3.09e-05,0.101,-9.475,0.0319,89.038,0.196,50,367133
474,Long Live,Speak Now,2010-10-25,14,0.036,0.418,0.68,7.59e-05,0.108,-4.3,0.0346,204.125,0.142,50,317946
475,Jump Then Fall,Fearless Platinum Edition,2008-11-11,1,0.111,0.618,0.687,0.0,0.0693,-5.737,0.0271,79.991,0.82,42,237066
476,Untouchable,Fearless Platinum Edition,2008-11-11,2,0.0583,0.419,0.454,3.78e-06,0.0974,-6.809,0.0335,200.017,0.288,41,311040
477,Forever & Always - Piano Version,Fearless Platinum Edition,2008-11-11,3,0.852,0.592,0.16,0.0,0.116,-10.785,0.0347,118.929,0.294,42,267506
478,Come In With The Rain,Fearless Platinum Edition,2008-11-11,4,0.0868,0.527,0.475,4.34e-06,0.248,-6.205,0.0258,143.962,0.224,41,238106
479,SuperStar,Fearless Platinum Edition,2008-11-11,5,0.367,0.61,0.531,0.0,0.351,-6.123,0.0239,85.979,0.228,39,261453
480,The Other Side Of The Door,Fearless Platinum Edition,2008-11-11,6,0.169,0.476,0.816,0.0,0.238,-4.279,0.0347,163.847,0.469,40,237600
481,Fearless,Fearless Platinum Edition,2008-11-11,7,0.0364,0.598,0.714,1.04e-06,0.31,-4.397,0.0273,99.979,0.467,43,242000
482,Fifteen,Fearless Platinum Edition,2008-11-11,8,0.0728,0.559,0.636,0.0,0.144,-4.4,0.0263,95.485,0.214,42,294346
483,Love Story,Fearless Platinum Edition,2008-11-11,9,0.157,0.618,0.736,0.0,0.073,-3.937,0.0308,118.982,0.307,49,235280
484,Hey Stephen,Fearless Platinum Edition,2008-11-11,10,0.168,0.843,0.553,2.66e-06,0.107,-7.348,0.0317,115.997,0.825,41,254320
485,White Horse,Fearless Platinum Edition,2008-11-11,11,0.302,0.585,0.346,0.0,0.102,-8.014,0.0256,92.564,0.195,42,234440
486,You Belong With Me,Fearless Platinum Edition,2008-11-11,12,0.164,0.687,0.771,2.46e-05,0.112,-4.424,0.0384,129.964,0.445,50,231146
487,Breathe,Fearless Platinum Edition,2008-11-11,13,0.373,0.498,0.486,0.0,0.113,-7.384,0.0273,147.952,0.17,41,263986
488,Tell Me Why,Fearless Platinum Edition,2008-11-11,14,0.0606,0.601,0.852,3.41e-06,0.37,-3.096,0.0386,100.015,0.513,39,200560
489,You're Not Sorry,Fearless Platinum Edition,2008-11-11,15,0.13,0.459,0.459,2.3e-06,0.113,-4.126,0.0275,134.018,0.281,40,261800
490,The Way I Loved You,Fearless Platinum Edition,2008-11-11,16,0.0322,0.436,0.712,0.0,0.111,-3.689,0.0329,160.886,0.379,41,244240
491,Forever & Always,Fearless Platinum Edition,2008-11-11,17,0.0907,0.605,0.829,0.0,0.106,-4.993,0.0549,128.012,0.514,41,225333
492,The Best Day,Fearless Platinum Edition,2008-11-11,18,0.611,0.664,0.447,1e-06,0.139,-8.535,0.0292,126.079,0.364,39,245346
493,Change,Fearless Platinum Edition,2008-11-11,19,0.00471,0.548,0.756,0.0,0.117,-4.175,0.036,96.038,0.224,38,281053
494,Fearless,Fearless,2008-11-11,1,0.04,0.594,0.712,0.0,0.309,-4.418,0.0273,99.972,0.476,57,241986
495,Fifteen,Fearless,2008-11-11,2,0.067,0.556,0.651,0.0,0.145,-4.396,0.0266,95.485,0.203,55,294333
496,Love Story,Fearless,2008-11-11,3,0.17,0.618,0.741,0.0,0.0822,-3.95,0.031,118.984,0.296,67,235266
497,Hey Stephen,Fearless,2008-11-11,4,0.194,0.841,0.544,2.48e-06,0.108,-7.347,0.0309,115.994,0.831,45,254306
498,White Horse,Fearless,2008-11-11,5,0.305,0.578,0.34,0.0,0.104,-8.027,0.0264,92.702,0.223,51,234426
499,You Belong With Me,Fearless,2008-11-11,6,0.162,0.687,0.783,1.35e-05,0.114,-4.44,0.0386,129.964,0.443,67,231133
500,Breathe,Fearless,2008-11-11,7,0.379,0.505,0.482,0.0,0.113,-7.372,0.0276,73.975,0.184,43,263973
501,Tell Me Why,Fearless,2008-11-11,8,0.0571,0.604,0.855,3.65e-06,0.343,-3.097,0.038,99.96,0.51,41,200546
502,You're Not Sorry,Fearless,2008-11-11,9,0.146,0.475,0.452,1.36e-06,0.108,-4.134,0.027,133.959,0.276,44,261786
503,The Way I Loved You,Fearless,2008-11-11,10,0.0408,0.433,0.7,0.0,0.115,-3.709,0.0336,160.927,0.398,50,244226
504,Forever & Always,Fearless,2008-11-11,11,0.0752,0.608,0.821,0.0,0.11,-4.985,0.0576,128.042,0.544,46,225320
505,The Best Day,Fearless,2008-11-11,12,0.647,0.666,0.434,1.95e-06,0.124,-8.543,0.0289,126.084,0.396,44,245333
506,Change,Fearless,2008-11-11,13,0.00408,0.541,0.77,0.0,0.117,-4.17,0.0354,96.013,0.215,39,280240
507,Love Story - Live From Clear Channel Stripped 2008,Live From Clear Channel Stripped 2008,2008-06-28,1,0.659,0.741,0.444,0.0,0.131,-7.031,0.0311,119.006,0.512,38,221028
508,Fearless - Live From Clear Channel Stripped 2008,Live From Clear Channel Stripped 2008,2008-06-28,2,0.814,0.623,0.266,0.0,0.145,-5.894,0.026,96.601,0.467,38,198247
509,Beautiful Eyes - Live From Clear Channel Stripped 2008,Live From Clear Channel Stripped 2008,2008-06-28,3,0.596,0.627,0.704,0.0,0.0598,-3.739,0.0269,98.958,0.457,41,176316
510,Untouchable - Live From Clear Channel Stripped 2008,Live From Clear Channel Stripped 2008,2008-06-28,4,0.856,0.731,0.184,0.0,0.0927,-9.235,0.0418,102.404,0.331,35,222959
511,Teardrops On My Guitar - Live From Clear Channel Stripped 2008,Live From Clear Channel Stripped 2008,2008-06-28,5,0.664,0.344,0.801,0.0,0.106,-5.373,0.0574,204.489,0.615,33,196346
512,Picture To Burn - Live From Clear Channel Stripped 2008,Live From Clear Channel Stripped 2008,2008-06-28,6,0.266,0.647,0.872,0.0,0.419,-1.953,0.0524,105.798,0.684,33,173899
513,Should've Said No - Live From Clear Channel Stripped 2008,Live From Clear Channel Stripped 2008,2008-06-28,7,0.399,0.429,0.808,0.0,0.0884,-3.004,0.0677,171.537,0.438,33,228473
514,Change - Live From Clear Channel Stripped 2008,Live From Clear Channel Stripped 2008,2008-06-28,8,0.156,0.243,0.712,0.0,0.111,-4.307,0.0577,202.319,0.273,31,258487
515,Tim McGraw,Taylor Swift,2006-10-24,1,0.575,0.58,0.491,0.0,0.121,-6.462,0.0251,76.009,0.425,65,232106
516,Picture To Burn,Taylor Swift,2006-10-24,2,0.173,0.658,0.877,0.0,0.0962,-2.098,0.0323,105.586,0.821,68,173066
517,Teardrops On My Guitar - Radio Single Remix,Taylor Swift,2006-10-24,3,0.288,0.621,0.417,0.0,0.119,-6.941,0.0231,99.953,0.289,65,203040
518,A Place in this World,Taylor Swift,2006-10-24,4,0.051,0.576,0.777,0.0,0.32,-2.881,0.0324,115.028,0.428,57,199200
519,Cold As You,Taylor Swift,2006-10-24,5,0.217,0.418,0.482,0.0,0.123,-5.769,0.0266,175.558,0.261,57,239013
520,The Outside,Taylor Swift,2006-10-24,6,0.00491,0.589,0.805,0.0,0.24,-4.055,0.0293,112.982,0.591,55,207106
521,Tied Together with a Smile,Taylor Swift,2006-10-24,7,0.525,0.479,0.578,0.0,0.0841,-4.963,0.0294,146.165,0.192,56,248106
522,Stay Beautiful,Taylor Swift,2006-10-24,8,0.0868,0.594,0.629,0.0,0.137,-4.919,0.0246,131.597,0.504,56,236053
523,Should've Said No,Taylor Swift,2006-10-24,9,0.0103,0.476,0.777,0.0,0.196,-3.771,0.0289,167.964,0.472,64,242200
524,Mary's Song (Oh My My My),Taylor Swift,2006-10-24,10,0.0177,0.403,0.627,0.0,0.182,-5.28,0.0292,74.9,0.374,58,213080
525,Our Song,Taylor Swift,2006-10-24,11,0.111,0.668,0.672,0.0,0.329,-4.931,0.0303,89.011,0.539,72,201106
526,I'm Only Me When I'm With You,Taylor Swift,2006-10-24,12,0.00452,0.563,0.934,0.000807,0.103,-3.629,0.0646,143.964,0.518,58,213053
527,Invisible,Taylor Swift,2006-10-24,13,0.637,0.612,0.394,0.0,0.147,-5.723,0.0243,96.001,0.233,55,203226
528,A Perfectly Good Heart,Taylor Swift,2006-10-24,14,0.00349,0.483,0.751,0.0,0.128,-5.726,0.0365,156.092,0.268,53,220146
529,Teardrops on My Guitar - Pop Version,Taylor Swift,2006-10-24,15,0.0402,0.459,0.753,0.0,0.0863,-3.827,0.0537,199.997,0.483,54,179066
